Name,Gender
,m
Shalmali Kholgade,f
Gurdeep Mehendi,m
Dino James,m
Brijesh Shandilya,m
Aavrutti,f
D’Evil,m
Shah Rule,m
Dave East,m
Jubin Nautiyal,m
Saloni Thakkar,f
Akasa Singh,f
Amartya,f
Dev Arijit,m
GD 47,m
Yasser Desai,m
Asees Kaur,f
Yash Narvekar,m
Shreya Ghoshal,f
Shadab Faridi,m
Farhad Samji,m
Altamash Faridi,m
Jyotica Tangri,f
Vishal Mishra,m
Jyoti Nooran,f
Priya Saraiya,f
Jonita Gandhi,f
Sachin-Jigar,m
Nikhita Gandhi,f
Benny Dayal,m
Darshan Raval,m
Lisa Mishra,f
Antara Mitra,f
Nikhil D’Souza,m
Shilpa Rao,f
Alyssa Mendonsa,f
Shankar Mahadevan,m
Vikram Khajuria,m
Ali,m
Vikram Montrose,m
Deepali Sathe,f
Bhoomi Trivedi,f
Parampara Thakur,f
Monali Thakur,f
Manish Tipu,m
Geet Sagar,m
Sreerama Chandra,m
Amitabh Bhattacharya,m
Dev Negi,m
Amit Mishra,m
Khushboo Grewal,f
Palak Muchhal,f
Meet Bros,m
Nakash Aziz,m
Romy,m
Anand Bhaskar,m
Abhijeet Srivastava,m
Vibha Saraf,f
Himesh Reshammiya,m
Harshdeep Kaur,m
Alamgir Khan,m
Anusha Mani,f
Dhvani Bhanushali,f
Tulsi Kumar,m
B Praak,m
Protijyoti Ghosh,f
Daniel,m
Arjunna Harjaie,m
Raja Kumari,m
Ravi Mishra,m
Neeti Mohan,m
Ashok Mastie,m
Pravesh Mallick,m
Zenab,m
Jabar Abbas,m
Shiraz Uppal,m
Raktima Mukherjee,f
Mustahsan Khan,m
Zeb Bangash,f
Enbee,m
Rico,m
Payal Dev,f
Abhijeet,m
Chandra Dixit,f
Badshah,m
Akash D,m
Aditi Prabhudesai,f
Pragati Joshi,f
Maithili Panse,f
Sonal Naik,f
Rucha Soman,f
Deepti Rege,f
Deepanshi Nagar,f
Ann Fernandes,m
Dr,m
Shivika Rajesh,f
Riddhi Sampat,f
Kinjal Shah,f
Umesh Joshi,m
Vijay Dhuri,m
Mandar Pilvalkar,m
Vivek Naik,m
Rahul Chitnis,m
Saurabh Wakhare,m
Janardan Dhatrak,m
Gaurav Medatwal,m
Chaitanya Shinde,f
Abhishek Jhawar,m
Nimish Shah,m
Yash Kapoor,m
Mayukh Pareek,m
Divya Kumar,f
Chaitally Parmar,f
R Venkatraman,m
Aakanksha Sharma,f
Dee MC,m
Kaam Bhaari,m
Spitfire,m
Priyani Vani,f
Kanika Kapoor,f
Ikka,m
Neha Kakkar,f
Aanandi Joshi,f
Shreyas Puranik,m
Shipra Goyal,f
Kamaal Khan,f
Deane Sequeira,f
Shekhar Ravjiani,m
Vishal Dadlani,m
Kishore Kumar,m
Marianne,f
Mellow D,m
Navraj Hans,m
Shashi Suman,m
Goldy,m
Aditya Narayan,m
Shirley Setia,f
Abhijit Vaghani,m
Armaan Malik,m
Guru Randhawa,m
Raja Hasan,m
Yo,m
Javed Ali,m
Tushar Joshi,m
Vaishali Mhade,f
Shriram Iyer,m
Clinton Cerejo,m
Jizzy,m
Shaan,m
Subhro,m
Sunanda Sharma,f
DIVINE,m
Naezy,m
Nexus,m
Rahul Raahi,m
Emiway,m
D-cypher,m
BeatRAW,m
Big Sid,m
Shashwat Sachdev,m
Vivek Hariharan,m
Sunidhi Chauhan,f
Sukriti Kakar,f
Ena Marley,f
Santhosh Venki,f
Sachin Basrur,m
Puneeth Rudranag,m
Mohan,m
H.,m
Vijay Aurs,m
Ravi Basrur,m
Goldi,m
Tanishk Bagchi,m
Mika Singh,m
Kumar Sanu,m
Shashaa Tirupati,f
Rahat,m
Shaadab Faridi,m
Sukhwinder Singh,m
Bilal Saeed,m
Pratibha Baghel,f
Singhsta,m
Simar Kaur,f
Raghav Sachar,m
Shafqat,m
Jordan,m
Nawazuddin Siddiqui,m
Aastha Gill,f
Akanksha Bhandari,f
Ronkini Gupta,f
Neetu Bhalla,m
Divya Bhatt,f
Sachet Tandon,m
Prakriti Kakar,f
Yashita Sharma,f
Yashika Sikka,f
Rani Kaur,f
Anita Gandharva,f
Meghna Mishra,f
Vaishnavi Mishra,f
Bhanu,f
Shahid Mallya,m
Jazim Sharma,m
Amit Trivedi,m
Suhas Sawant,m
Ammy Virk,f
Sikander Kahlon,m
Amit Sharma,m
Meenal Jain,f
Babul Supriyo,f
Andrea Jeremiah,f
Shivangi Bhayana,f
Sonakshi Sinha,f
Mudassar Aziz,m
Neha Bhasin,f
Sachin Sanghvi,m
Jigar Saraiya,m
Jordi Patel,m
Disha Sharma,f
Akash Ojha,m
Rekha,f
Dharmendra,m
Shatrughan Sinha,m
Salman Khan,m
D’EVIL,m
Iulia Vantur,f
Vineet Singh,m
Arko,m
Gurinder,f
Altamash,m
Nettle,m
Aima Baig,f
Atul Gogavale,m
Shehnaz Akhtar,m
Hemant Brijwasi,m
Sahil Akhtar,m
Ehsaan Noorani,m
Ranbir Kapoor,m
Supriya Pathak,f
Poorvi Koutish,f
Veera Saxena,f
Aaroh Velankar,m
Anurag Sharma,m
Himanshu Shirlekar,m
Shubham Shirule,m
Sunny MR,m
Aditi,f
Nikita Ahuja,f
Lulia Vantur,m
Sharvi Yadav,f
Jasleen Royal,f
Fazilpuria,m
Rishi Kapoor,m
Gajendra Verma,m
Mahalakshmi Iyer,f
Jatinder Singh,m
Siddharth Basrur,m
Shruti Pathak,f
Parry G,m
Kulwinder Billa,m
Rajvir Jawanda,m
Sharan Maan,m
Mannat Noor,m
Arijit Singh,m
Deep Money,m
Amrita Singh,f
Khusboo Grewal,f
Sajid,m
Rochak Kohli,m
Ankit Tiwari,m
Ishers,m
Raxstar,m
Gurnam Bhullar,m
Piyush Mehroliyaa,m
Raftaar,m
Swati Sharma,f
Shail Hada,m
Mujtaba,m
Kunal Pandit,m
Farhan Sabri,m
Swaroop Khan,m
Tony Kakkar,m
Tarannum Malik,m
Roach Killa,m
Simran,f
Rajnigandha Shekhawat,f
Master,m
Sameer Uddin,m
Samira Koppikar,f
Sidharth Malhotra,m
ARJUN,m
Vickey Prasad,m
Arpita Mukherjee,f
Apeksha Dandekar,f
Amaal Mallik,m
Cuca Roseta,m
Mohit Chauhan,m
Pritam,m
Aman Trikha,m
Nooran Sisters,f
Shefali Alvares,f
Dee Ajayi,m
Mehak Malhotra,f
Millind Gaba,m
Gupz Sehra,m
Renesa Baadchi,f
Nandini Deb,f
Rahul Pandey,m
Ashwin,m
Aroh,m
Sunny,m
K Mohan,m
Sanjeev Chimmalgi,m
Ramya Behara,f
Ambili,f
Sonia Sharma,f
KD,m
Pawni Pandey,f
Juggy D,m
Shivi,f
Pardeep,m
